animal,group,slice,y,x
rat6.3,Gq,DCPP_6.3_10x_mCherry_2-24-22_s1.jpg,179.43227990970655,1298.8843115124153
rat6.3,Gq,DCPP_6.3_10x_mCherry_2-24-22_s1.jpg,145.5487012987013,955.5324675324675
rat6.3,Gq,DCPP_6.3_10x_mCherry_2-24-22_s1.jpg,157.21019108280254,1236.4490445859872
rat6.3,Gq,DCPP_6.3_10x_mCherry_2-24-22_s1.jpg,189.65146332193083,1178.4146712276702
rat6.3,Gq,DCPP_6.3_10x_mCherry_2-24-22_s1.jpg,201.47912423625255,916.8487780040733
rat6.3,Gq,DCPP_6.3_10x_mCherry_2-24-22_s1.jpg,183.4,1219.2489795918368
rat6.3,Gq,DCPP_6.3_10x_mCherry_2-24-22_s1.jpg,219.2129840546697,1110.4066059225513
rat6.3,Gq,DCPP_6.3_10x_mCherry_2-24-22_s1.jpg,223.12362971985382,1003.0986601705238
rat6.3,Gq,DCPP_6.3_10x_mCherry_2-24-22_s1.jpg,221.79963898916967,1228.6931407942238
rat6.3,Gq,DCPP_6.3_10x_mCherry_2-24-22_s1.jpg,241.4833206974981,1359.639120545868
rat6.3,Gq,DCPP_6.3_10x_mCherry_2-24-22_s1.jpg,234.74550128534705,1198.1516709511568
rat6.3,Gq,DCPP_6.3_10x_mCherry_2-24-22_s1.jpg,252.2837528604119,1298.1521739130435
rat6.3,Gq,DCPP_6.3_10x_mCherry_2-24-22_s1.jpg,250.2788990825688,1048.4330275229358
rat6.3,Gq,DCPP_6.3_10x_mCherry_2-24-22_s1.jpg,270.60714285714283,1269.0575396825398
rat6.3,Gq,DCPP_6.3_10x_mCherry_2-24-22_s1.jpg,251.1609907120743,943.7275541795666
rat6.3,Gq,DCPP_6.3_10x_mCherry_2-24-22_s1.jpg,260.65923344947737,1147.3951219512196
rat6.3,Gq,DCPP_6.3_10x_mCherry_2-24-22_s1.jpg,251.79268292682926,1072.9878048780488
rat6.3,Gq,DCPP_6.3_10x_mCherry_2-24-22_s1.jpg,268.319563522993,1096.0007794232267
rat6.3,Gq,DCPP_6.3_10x_mCherry_2-24-22_s1.jpg,268.0648854961832,757.2824427480916
rat6.3,Gq,DCPP_6.3_10x_mCherry_2-24-22_s1.jpg,267.7873183619551,1332.6221928665786
rat6.3,Gq,DCPP_6.3_10x_mCherry_2-24-22_s1.jpg,268.25714285714287,1418.7714285714285
rat6.3,Gq,DCPP_6.3_10x_mCherry_2-24-22_s1.jpg,270.98976109215016,801.679180887372
rat6.3,Gq,DCPP_6.3_10x_mCherry_2-24-22_s1.jpg,322.90691770679075,1248.943304421409
rat6.3,Gq,DCPP_6.3_10x_mCherry_2-24-22_s1.jpg,276.17427385892114,1014.6348547717843
rat6.3,Gq,DCPP_6.3_10x_mCherry_2-24-22_s1.jpg,301.8220338983051,1029.824152542373
rat6.3,Gq,DCPP_6.3_10x_mCherry_2-24-22_s1.jpg,346.88339570612567,1169.576521567855
rat6.3,Gq,DCPP_6.3_10x_mCherry_2-24-22_s1.jpg,338.434450867052,1397.674450867052
rat6.3,Gq,DCPP_6.3_10x_mCherry_2-24-22_s1.jpg,324.39444444444445,1496.1805555555557
rat6.3,Gq,DCPP_6.3_10x_mCherry_2-24-22_s1.jpg,335.6923076923077,1028.5192307692307
rat6.3,Gq,DCPP_6.3_10x_mCherry_2-24-22_s1.jpg,332.14596273291926,1056.7391304347825
rat6.3,Gq,DCPP_6.3_10x_mCherry_2-24-22_s1.jpg,357.6302521008403,1105.3669467787115
rat6.3,Gq,DCPP_6.3_10x_mCherry_2-24-22_s1.jpg,362.1167315175097,1303.885214007782
rat6.3,Gq,DCPP_6.3_10x_mCherry_2-24-22_s1.jpg,360.9692671394799,1054.419621749409
rat6.3,Gq,DCPP_6.3_10x_mCherry_2-24-22_s1.jpg,367.40983606557376,1515.3846153846155
rat6.3,Gq,DCPP_6.3_10x_mCherry_2-24-22_s1.jpg,381.14285714285717,1342.7924662402274
rat6.3,Gq,DCPP_6.3_10x_mCherry_2-24-22_s1.jpg,402.84189723320156,1409.3847167325428
rat6.3,Gq,DCPP_6.3_10x_mCherry_2-24-22_s1.jpg,409.3807763401109,1294.684842883549
rat6.3,Gq,DCPP_6.3_10x_mCherry_2-24-22_s1.jpg,408.6827309236948,1086.1887550200804
rat6.3,Gq,DCPP_6.3_10x_mCherry_2-24-22_s1.jpg,411.2101105845182,1190.909952606635
rat6.3,Gq,DCPP_6.3_10x_mCherry_2-24-22_s1.jpg,410.9561752988048,1587.9402390438247
rat6.3,Gq,DCPP_6.3_10x_mCherry_2-24-22_s1.jpg,422.5462365591398,1556.0440860215053
rat6.3,Gq,DCPP_6.3_10x_mCherry_2-24-22_s1.jpg,419.9522727272727,1333.293181818182
rat6.3,Gq,DCPP_6.3_10x_mCherry_2-24-22_s1.jpg,420.6697674418605,1041.2
rat6.3,Gq,DCPP_6.3_10x_mCherry_2-24-22_s1.jpg,432.09251101321587,997.8546255506608
rat6.3,Gq,DCPP_6.3_10x_mCherry_2-24-22_s1.jpg,440.5088495575221,1215.2898230088495
rat6.3,Gq,DCPP_6.3_10x_mCherry_2-24-22_s1.jpg,447.6281755196305,1667.906466512702
rat6.3,Gq,DCPP_6.3_10x_mCherry_2-24-22_s1.jpg,455.4339768339768,1255.276447876448
rat6.3,Gq,DCPP_6.3_10x_mCherry_2-24-22_s1.jpg,480.754219843557,1419.797447509263
rat6.3,Gq,DCPP_6.3_10x_mCherry_2-24-22_s1.jpg,470.4173228346457,756.7559055118111
rat6.3,Gq,DCPP_6.3_10x_mCherry_2-24-22_s1.jpg,471.5898203592814,794.1526946107784
rat6.3,Gq,DCPP_6.3_10x_mCherry_2-24-22_s1.jpg,477.11532385466035,1470.8436018957345
rat6.3,Gq,DCPP_6.3_10x_mCherry_2-24-22_s1.jpg,478.20846905537456,978.3550488599349
rat6.3,Gq,DCPP_6.3_10x_mCherry_2-24-22_s1.jpg,498.0514997170345,1258.5116015846068
rat6.3,Gq,DCPP_6.3_10x_mCherry_2-24-22_s1.jpg,481.96543778801845,1502.2396313364056
rat6.3,Gq,DCPP_6.3_10x_mCherry_2-24-22_s1.jpg,488.90315315315314,1221.5022522522522
rat6.3,Gq,DCPP_6.3_10x_mCherry_2-24-22_s1.jpg,489.2241379310345,1181.7629310344828
rat6.3,Gq,DCPP_6.3_10x_mCherry_2-24-22_s1.jpg,487.61073825503354,1539.1275167785234
rat6.3,Gq,DCPP_6.3_10x_mCherry_2-24-22_s1.jpg,507.7454128440367,774.7855504587156
rat6.3,Gq,DCPP_6.3_10x_mCherry_2-24-22_s1.jpg,499.46022727272725,1312.5667613636363
rat6.3,Gq,DCPP_6.3_10x_mCherry_2-24-22_s1.jpg,507.23571428571427,674.6785714285714
rat6.3,Gq,DCPP_6.3_10x_mCherry_2-24-22_s1.jpg,549.5300668151448,1192.5086859688197
rat6.3,Gq,DCPP_6.3_10x_mCherry_2-24-22_s1.jpg,545.506329113924,1672.026722925457
rat6.3,Gq,DCPP_6.3_10x_mCherry_2-24-22_s1.jpg,545.968085106383,1220.8909574468084
rat6.3,Gq,DCPP_6.3_10x_mCherry_2-24-22_s1.jpg,549.9279393173199,1538.7686472819216
rat6.3,Gq,DCPP_6.3_10x_mCherry_2-24-22_s1.jpg,545.9545454545455,471.13257575757575
rat6.3,Gq,DCPP_6.3_10x_mCherry_2-24-22_s1.jpg,559.7428909952606,1329.827606635071
rat6.3,Gq,DCPP_6.3_10x_mCherry_2-24-22_s1.jpg,549.6915254237288,1446.6305084745763
rat6.3,Gq,DCPP_6.3_10x_mCherry_2-24-22_s1.jpg,562.3117338003502,1398.4483362521892
rat6.3,Gq,DCPP_6.3_10x_mCherry_2-24-22_s1.jpg,573.0108108108108,1492.3675675675677
rat6.3,Gq,DCPP_6.3_10x_mCherry_2-24-22_s1.jpg,587.2889647326507,595.6114903299203
rat6.3,Gq,DCPP_6.3_10x_mCherry_2-24-22_s1.jpg,586.6290502793296,1661.927374301676
rat6.3,Gq,DCPP_6.3_10x_mCherry_2-24-22_s1.jpg,585.8844086021505,946.5698924731183
rat6.3,Gq,DCPP_6.3_10x_mCherry_2-24-22_s1.jpg,613.4264668529337,549.0416560833122
rat6.3,Gq,DCPP_6.3_10x_mCherry_2-24-22_s1.jpg,617.0963235294117,741.4216911764706
rat6.3,Gq,DCPP_6.3_10x_mCherry_2-24-22_s1.jpg,586.0049382716049,990.2987654320988
rat6.3,Gq,DCPP_6.3_10x_mCherry_2-24-22_s1.jpg,622.8745595489781,1243.758104298802
rat6.3,Gq,DCPP_6.3_10x_mCherry_2-24-22_s1.jpg,596.7964601769911,1381.4026548672566
rat6.3,Gq,DCPP_6.3_10x_mCherry_2-24-22_s1.jpg,610.1088270858525,1146.756952841596
rat6.3,Gq,DCPP_6.3_10x_mCherry_2-24-22_s1.jpg,614.2739130434783,789.7660869565217
rat6.3,Gq,DCPP_6.3_10x_mCherry_2-24-22_s1.jpg,605.5853658536586,1419.6981707317073
rat6.3,Gq,DCPP_6.3_10x_mCherry_2-24-22_s1.jpg,632.658151416628,1331.1955411054344
rat6.3,Gq,DCPP_6.3_10x_mCherry_2-24-22_s1.jpg,619.8539741219963,641.5705483672212
rat6.3,Gq,DCPP_6.3_10x_mCherry_2-24-22_s1.jpg,602.4976958525345,1735.8341013824884
rat6.3,Gq,DCPP_6.3_10x_mCherry_2-24-22_s1.jpg,613.1629104958146,844.0972311654862
rat6.3,Gq,DCPP_6.3_10x_mCherry_2-24-22_s1.jpg,612.622521246459,952.1671388101983
rat6.3,Gq,DCPP_6.3_10x_mCherry_2-24-22_s1.jpg,614.573275862069,902.5495689655172
rat6.3,Gq,DCPP_6.3_10x_mCherry_2-24-22_s1.jpg,608.8253275109171,1044.593886462882
rat6.3,Gq,DCPP_6.3_10x_mCherry_2-24-22_s1.jpg,626.7307692307693,1452.7510683760684
rat6.3,Gq,DCPP_6.3_10x_mCherry_2-24-22_s1.jpg,615.6470588235294,1024.9831932773109
rat6.3,Gq,DCPP_6.3_10x_mCherry_2-24-22_s1.jpg,631.8427419354839,709.6885080645161
rat6.3,Gq,DCPP_6.3_10x_mCherry_2-24-22_s1.jpg,633.0373443983402,1361.7178423236514
rat6.3,Gq,DCPP_6.3_10x_mCherry_2-24-22_s1.jpg,639.2981481481481,986.5537037037037
rat6.3,Gq,DCPP_6.3_10x_mCherry_2-24-22_s1.jpg,637.016713091922,1405.1476323119778
rat6.3,Gq,DCPP_6.3_10x_mCherry_2-24-22_s1.jpg,645.3660629170639,881.7588179218303
rat6.3,Gq,DCPP_6.3_10x_mCherry_2-24-22_s1.jpg,633.88,1171.4711111111112
rat6.3,Gq,DCPP_6.3_10x_mCherry_2-24-22_s1.jpg,651.6963696369637,1058.7887788778878
rat6.3,Gq,DCPP_6.3_10x_mCherry_2-24-22_s1.jpg,653.7406593406594,650.8417582417583
rat6.3,Gq,DCPP_6.3_10x_mCherry_2-24-22_s1.jpg,657.769477054429,925.3094983991463
rat6.3,Gq,DCPP_6.3_10x_mCherry_2-24-22_s1.jpg,658.9245614035087,1026.298245614035
rat6.3,Gq,DCPP_6.3_10x_mCherry_2-24-22_s1.jpg,683.9865248226951,1145.2134751773049
rat6.3,Gq,DCPP_6.3_10x_mCherry_2-24-22_s1.jpg,666.7355658198614,693.3983833718245
rat6.3,Gq,DCPP_6.3_10x_mCherry_2-24-22_s1.jpg,662.2881355932203,1440.7762711864407
rat6.3,Gq,DCPP_6.3_10x_mCherry_2-24-22_s1.jpg,668.5309090909091,996.6618181818181
rat6.3,Gq,DCPP_6.3_10x_mCherry_2-24-22_s1.jpg,675.0641711229947,1099.1604278074867
rat6.3,Gq,DCPP_6.3_10x_mCherry_2-24-22_s1.jpg,671.1822033898305,1281.4915254237287
rat6.3,Gq,DCPP_6.3_10x_mCherry_2-24-22_s1.jpg,691.456046624575,785.8819815444391
rat6.3,Gq,DCPP_6.3_10x_mCherry_2-24-22_s1.jpg,747.3036876355749,1226.6932499681
rat6.3,Gq,DCPP_6.3_10x_mCherry_2-24-22_s1.jpg,682.3920704845815,726.2731277533039
rat6.3,Gq,DCPP_6.3_10x_mCherry_2-24-22_s1.jpg,684.2626865671642,1250.8567164179105
rat6.3,Gq,DCPP_6.3_10x_mCherry_2-24-22_s1.jpg,689.0831600831601,1304.1185031185032
rat6.3,Gq,DCPP_6.3_10x_mCherry_2-24-22_s1.jpg,699.9242002781641,1018.5994436717664
rat6.3,Gq,DCPP_6.3_10x_mCherry_2-24-22_s1.jpg,696.3826815642458,1055.6117318435754
rat6.3,Gq,DCPP_6.3_10x_mCherry_2-24-22_s1.jpg,698.4093264248704,1335.3454231433507
rat6.3,Gq,DCPP_6.3_10x_mCherry_2-24-22_s1.jpg,694.9607843137255,1279.6196078431371
rat6.3,Gq,DCPP_6.3_10x_mCherry_2-24-22_s1.jpg,701.8951367781156,968.4498480243161
rat6.3,Gq,DCPP_6.3_10x_mCherry_2-24-22_s1.jpg,698.2995169082126,731.4202898550725
rat6.3,Gq,DCPP_6.3_10x_mCherry_2-24-22_s1.jpg,701.3153153153153,1260.5135135135135
rat6.3,Gq,DCPP_6.3_10x_mCherry_2-24-22_s1.jpg,709.0786885245901,721.527868852459
rat6.3,Gq,DCPP_6.3_10x_mCherry_2-24-22_s1.jpg,739.4261954261955,897.2153846153847
rat6.3,Gq,DCPP_6.3_10x_mCherry_2-24-22_s1.jpg,717.6666666666666,1040.8770053475937
rat6.3,Gq,DCPP_6.3_10x_mCherry_2-24-22_s1.jpg,726.0,1304.6388140161725
rat6.3,Gq,DCPP_6.3_10x_mCherry_2-24-22_s1.jpg,720.5165876777252,1238.1658767772512
rat6.3,Gq,DCPP_6.3_10x_mCherry_2-24-22_s1.jpg,734.2512716174974,964.9766022380468
rat6.3,Gq,DCPP_6.3_10x_mCherry_2-24-22_s1.jpg,737.4623655913979,1085.6146953405018
rat6.3,Gq,DCPP_6.3_10x_mCherry_2-24-22_s1.jpg,739.6109324758843,792.7813504823151
rat6.3,Gq,DCPP_6.3_10x_mCherry_2-24-22_s1.jpg,758.7928496319663,1163.7045215562566
rat6.3,Gq,DCPP_6.3_10x_mCherry_2-24-22_s1.jpg,749.8227571115974,840.4201312910285
rat6.3,Gq,DCPP_6.3_10x_mCherry_2-24-22_s1.jpg,759.630260521042,1312.9498997995993
rat6.3,Gq,DCPP_6.3_10x_mCherry_2-24-22_s1.jpg,771.2560590094837,1018.0042149631191
rat6.3,Gq,DCPP_6.3_10x_mCherry_2-24-22_s1.jpg,769.3625866050809,1140.8221709006928
rat6.3,Gq,DCPP_6.3_10x_mCherry_2-24-22_s1.jpg,777.4143576826197,1058.9886649874056
rat6.3,Gq,DCPP_6.3_10x_mCherry_2-24-22_s1.jpg,781.1819354838709,1094.6554838709678
rat6.3,Gq,DCPP_6.3_10x_mCherry_2-24-22_s1.jpg,798.2778378378379,1124.9351351351352
rat6.3,Gq,DCPP_6.3_10x_mCherry_2-24-22_s1.jpg,814.3180458624128,1163.1296111665006
rat6.3,Gq,DCPP_6.3_10x_mCherry_2-24-22_s1.jpg,802.9084712755599,1039.8432327166504
rat6.3,Gq,DCPP_6.3_10x_mCherry_2-24-22_s1.jpg,845.4712430426716,1107.773654916512
rat6.3,Gq,DCPP_6.3_10x_mCherry_2-24-22_s1.jpg,920.6879177377892,1152.4322622107968
rat6.3,Gq,DCPP_6.3_10x_mCherry_2-24-22_s1.jpg,881.7730964467005,1063.3497461928935
rat6.3,Gq,DCPP_6.3_10x_mCherry_2-24-22_s1.jpg,905.6434511434511,1111.6652806652808
rat6.3,Gq,DCPP_6.3_10x_mCherry_2-24-22_s1.jpg,957.9724489795918,1079.1285714285714
rat6.3,Gq,DCPP_6.3_10x_mCherry_2-24-22_s1.jpg,995.1530837004406,1069.3370044052863
rat6.3,Gq,DCPP_6.3_10x_mCherry_2-24-22_s1.jpg,1044.4539073467479,1112.676649508657
rat6.3,Gq,DCPP_6.3_10x_mCherry_2-24-22_s1.jpg,1044.7365853658537,1207.178536585366
rat6.3,Gq,DCPP_6.3_10x_mCherry_2-24-22_s1.jpg,1052.6207243460765,1155.4486921529176
rat12.10,mC,DCPP_12.10.1_10x_mCherry_7.21.22.jpg,139.4501216545012,1044.7956204379561
rat12.10,mC,DCPP_12.10.1_10x_mCherry_7.21.22.jpg,147.24754098360657,952.4770491803279
rat12.10,mC,DCPP_12.10.1_10x_mCherry_7.21.22.jpg,179.51659451659452,1099.3371813371814
rat12.10,mC,DCPP_12.10.1_10x_mCherry_7.21.22.jpg,181.51358457493427,982.0262927256792
rat12.10,mC,DCPP_12.10.1_10x_mCherry_7.21.22.jpg,175.64207650273224,1017.0245901639345
rat12.10,mC,DCPP_12.10.1_10x_mCherry_7.21.22.jpg,223.0029090909091,1024.141090909091
rat12.10,mC,DCPP_12.10.1_10x_mCherry_7.21.22.jpg,229.0246020260492,1073.1157742402315
rat12.10,mC,DCPP_12.10.1_10x_mCherry_7.21.22.jpg,261.2685370741483,1084.260521042084
rat12.10,mC,DCPP_12.10.1_10x_mCherry_7.21.22.jpg,280.7382729211087,966.7787846481876
rat12.10,mC,DCPP_12.10.1_10x_mCherry_7.21.22.jpg,284.0030303030303,1161.378787878788
rat12.10,mC,DCPP_12.10.1_10x_mCherry_7.21.22.jpg,287.24093264248705,894.1632124352332
rat12.10,mC,DCPP_12.10.1_10x_mCherry_7.21.22.jpg,285.90458015267177,1041.8167938931297
rat12.10,mC,DCPP_12.10.1_10x_mCherry_7.21.22.jpg,309.46564885496184,1082.0992366412213
rat12.10,mC,DCPP_12.10.1_10x_mCherry_7.21.22.jpg,307.62020905923345,1148.4512195121952
rat12.10,mC,DCPP_12.10.1_10x_mCherry_7.21.22.jpg,341.9182282793867,1172.4701873935264
rat12.10,mC,DCPP_12.10.1_10x_mCherry_7.21.22.jpg,333.8450980392157,1390.0843137254901
rat12.10,mC,DCPP_12.10.1_10x_mCherry_7.21.22.jpg,351.080378250591,1020.4263199369582
rat12.10,mC,DCPP_12.10.1_10x_mCherry_7.21.22.jpg,350.5012048192771,1223.1542168674698
rat12.10,mC,DCPP_12.10.1_10x_mCherry_7.21.22.jpg,383.7667706708268,961.0101404056162
rat12.10,mC,DCPP_12.10.1_10x_mCherry_7.21.22.jpg,353.28384991843393,810.2626427406199
rat12.10,mC,DCPP_12.10.1_10x_mCherry_7.21.22.jpg,363.7692307692308,1376.6483516483515
rat12.10,mC,DCPP_12.10.1_10x_mCherry_7.21.22.jpg,377.6201923076923,1200.3028846153845
rat12.10,mC,DCPP_12.10.1_10x_mCherry_7.21.22.jpg,410.6025067144136,824.3724261414503
rat12.10,mC,DCPP_12.10.1_10x_mCherry_7.21.22.jpg,419.2710280373832,863.0429906542056
rat12.10,mC,DCPP_12.10.1_10x_mCherry_7.21.22.jpg,469.9813850765105,1209.3164536993218
rat12.10,mC,DCPP_12.10.1_10x_mCherry_7.21.22.jpg,423.4194756554307,1289.116104868914
rat12.10,mC,DCPP_12.10.1_10x_mCherry_7.21.22.jpg,431.2316602316602,1024.6023166023167
rat12.10,mC,DCPP_12.10.1_10x_mCherry_7.21.22.jpg,439.86186770428014,1278.943579766537
rat12.10,mC,DCPP_12.10.1_10x_mCherry_7.21.22.jpg,440.02157164869027,1337.4098613251156
rat12.10,mC,DCPP_12.10.1_10x_mCherry_7.21.22.jpg,455.45353982300884,806.7477876106195
rat12.10,mC,DCPP_12.10.1_10x_mCherry_7.21.22.jpg,460.8487394957983,585.5861344537815
rat12.10,mC,DCPP_12.10.1_10x_mCherry_7.21.22.jpg,491.40390070921984,1000.4397163120567
rat12.10,mC,DCPP_12.10.1_10x_mCherry_7.21.22.jpg,475.8212927756654,1125.6007604562737
rat12.10,mC,DCPP_12.10.1_10x_mCherry_7.21.22.jpg,484.9872611464968,816.3503184713376
rat12.10,mC,DCPP_12.10.1_10x_mCherry_7.21.22.jpg,498.0754189944134,606.0307262569833
rat12.10,mC,DCPP_12.10.1_10x_mCherry_7.21.22.jpg,504.0245901639344,1154.7459016393443
rat12.10,mC,DCPP_12.10.1_10x_mCherry_7.21.22.jpg,519.0554197229014,1264.606356968215
rat12.10,mC,DCPP_12.10.1_10x_mCherry_7.21.22.jpg,504.8,1479.2771929824562
rat12.10,mC,DCPP_12.10.1_10x_mCherry_7.21.22.jpg,519.2212389380531,687.3362831858407
rat12.10,mC,DCPP_12.10.1_10x_mCherry_7.21.22.jpg,518.6348408710218,594.0586264656616
rat12.10,mC,DCPP_12.10.1_10x_mCherry_7.21.22.jpg,525.8516129032258,565.8774193548387
rat12.10,mC,DCPP_12.10.1_10x_mCherry_7.21.22.jpg,530.1550218340611,1485.03711790393
rat12.10,mC,DCPP_12.10.1_10x_mCherry_7.21.22.jpg,536.994750656168,1054.3622047244094
rat12.10,mC,DCPP_12.10.1_10x_mCherry_7.21.22.jpg,546.5730337078652,1204.438202247191
rat12.10,mC,DCPP_12.10.1_10x_mCherry_7.21.22.jpg,564.290611028316,891.1862891207154
rat12.10,mC,DCPP_12.10.1_10x_mCherry_7.21.22.jpg,616.9631344612644,1205.1720391807658
rat12.10,mC,DCPP_12.10.1_10x_mCherry_7.21.22.jpg,564.89453125,1272.740234375
rat12.10,mC,DCPP_12.10.1_10x_mCherry_7.21.22.jpg,569.874213836478,1300.3066037735848
rat12.10,mC,DCPP_12.10.1_10x_mCherry_7.21.22.jpg,574.1028138528138,1105.7234848484848
rat12.10,mC,DCPP_12.10.1_10x_mCherry_7.21.22.jpg,618.4723515174084,1042.5157326382425
rat12.10,mC,DCPP_12.10.1_10x_mCherry_7.21.22.jpg,594.471635883905,685.646437994723
rat12.10,mC,DCPP_12.10.1_10x_mCherry_7.21.22.jpg,610.7743254292723,768.1757972199509
rat12.10,mC,DCPP_12.10.1_10x_mCherry_7.21.22.jpg,626.1015169194866,814.9148191365227
rat12.10,mC,DCPP_12.10.1_10x_mCherry_7.21.22.jpg,641.4220705346985,1144.090443686007
rat12.10,mC,DCPP_12.10.1_10x_mCherry_7.21.22.jpg,653.304721030043,903.5793991416309
rat12.10,mC,DCPP_12.10.1_10x_mCherry_7.21.22.jpg,681.3239634574842,1039.3106113843992
rat12.10,mC,DCPP_12.10.1_10x_mCherry_7.21.22.jpg,694.2089485458613,1178.9955257270694
rat12.10,mC,DCPP_12.10.1_10x_mCherry_7.21.22.jpg,690.9566101694916,1569.3433898305084
rat12.10,mC,DCPP_12.10.1_10x_mCherry_7.21.22.jpg,695.5720930232558,1252.3813953488373
rat12.10,mC,DCPP_12.10.1_10x_mCherry_7.21.22.jpg,737.2753623188406,1076.1101449275363
rat12.10,mC,DCPP_12.10.1_10x_mCherry_7.21.22.jpg,771.1296768707483,1111.4549319727892
rat12.10,mC,DCPP_12.10.1_10x_mCherry_7.21.22.jpg,740.8796185935638,1345.2014302741359
rat12.10,mC,DCPP_12.10.1_10x_mCherry_7.21.22.jpg,774.2542372881356,1136.3559322033898
rat12.10,mC,DCPP_12.10.1_10x_mCherry_7.21.22.jpg,881.7434243176178,1079.2794044665013
rat12.10,mC,DCPP_12.10.1_10x_mCherry_7.21.22.jpg,883.1056179775281,1100.4494382022472
rat12.10,mC,DCPP_12.10.1_10x_mCherry_7.21.22.jpg,939.5469613259669,1077.5276243093922
rat14.4,Gi,DCPP_14.4.2_10x_mCherry_10.24.22.jpg,163.82805429864254,1262.3348416289593
rat14.4,Gi,DCPP_14.4.2_10x_mCherry_10.24.22.jpg,179.00513478819,1196.4069319640564
rat14.4,Gi,DCPP_14.4.2_10x_mCherry_10.24.22.jpg,194.44226579520696,1386.3507625272332
rat14.4,Gi,DCPP_14.4.2_10x_mCherry_10.24.22.jpg,206.67210144927537,1422.5307971014493
rat14.4,Gi,DCPP_14.4.2_10x_mCherry_10.24.22.jpg,211.8095238095238,1238.3660714285713
rat14.4,Gi,DCPP_14.4.2_10x_mCherry_10.24.22.jpg,227.08991596638654,1190.755462184874
rat14.4,Gi,DCPP_14.4.2_10x_mCherry_10.24.22.jpg,255.48931116389548,1280.7197149643705
rat14.4,Gi,DCPP_14.4.2_10x_mCherry_10.24.22.jpg,272.58156028368796,1390.6418439716313
rat14.4,Gi,DCPP_14.4.2_10x_mCherry_10.24.22.jpg,289.20089285714283,1111.2068452380952
rat14.4,Gi,DCPP_14.4.2_10x_mCherry_10.24.22.jpg,284.2201680672269,1164.270588235294
rat14.4,Gi,DCPP_14.4.2_10x_mCherry_10.24.22.jpg,313.48017621145374,1381.5253303964757
rat14.4,Gi,DCPP_14.4.2_10x_mCherry_10.24.22.jpg,297.6467661691542,1301.915422885572
rat14.4,Gi,DCPP_14.4.2_10x_mCherry_10.24.22.jpg,305.2528604118993,1079.3615560640733
rat14.4,Gi,DCPP_14.4.2_10x_mCherry_10.24.22.jpg,323.99719887955183,1457.2044817927172
rat14.4,Gi,DCPP_14.4.2_10x_mCherry_10.24.22.jpg,323.9937369519833,1120.2025052192066
rat14.4,Gi,DCPP_14.4.2_10x_mCherry_10.24.22.jpg,326.3272727272727,1199.7212121212121
rat14.4,Gi,DCPP_14.4.2_10x_mCherry_10.24.22.jpg,344.9358047016275,1169.7070524412297
rat14.4,Gi,DCPP_14.4.2_10x_mCherry_10.24.22.jpg,381.4284890426759,1292.1303344867358
rat14.4,Gi,DCPP_14.4.2_10x_mCherry_10.24.22.jpg,369.79333333333335,1137.6755555555555
rat14.4,Gi,DCPP_14.4.2_10x_mCherry_10.24.22.jpg,371.14868105515586,1252.282973621103
rat14.4,Gi,DCPP_14.4.2_10x_mCherry_10.24.22.jpg,381.2971014492754,948.3079710144928
rat14.4,Gi,DCPP_14.4.2_10x_mCherry_10.24.22.jpg,376.94594594594594,1423.847972972973
rat14.4,Gi,DCPP_14.4.2_10x_mCherry_10.24.22.jpg,382.1951219512195,1396.1263858093128
rat14.4,Gi,DCPP_14.4.2_10x_mCherry_10.24.22.jpg,391.44685990338166,1199.8490338164252
rat14.4,Gi,DCPP_14.4.2_10x_mCherry_10.24.22.jpg,420.5740815502624,1350.2947113443681
rat14.4,Gi,DCPP_14.4.2_10x_mCherry_10.24.22.jpg,409.6430155210643,1263.6474501108648
rat14.4,Gi,DCPP_14.4.2_10x_mCherry_10.24.22.jpg,414.6485507246377,1172.5652173913043
rat14.4,Gi,DCPP_14.4.2_10x_mCherry_10.24.22.jpg,424.25560538116594,1478.2170403587445
rat14.4,Gi,DCPP_14.4.2_10x_mCherry_10.24.22.jpg,419.7574750830565,832.5448504983389
rat14.4,Gi,DCPP_14.4.2_10x_mCherry_10.24.22.jpg,423.6639839034205,1224.2032193158955
rat14.4,Gi,DCPP_14.4.2_10x_mCherry_10.24.22.jpg,433.1993243243243,1100.3783783783783
rat14.4,Gi,DCPP_14.4.2_10x_mCherry_10.24.22.jpg,490.6448048476207,1270.006415968633
rat14.4,Gi,DCPP_14.4.2_10x_mCherry_10.24.22.jpg,445.9031055900621,1145.0608695652174
rat14.4,Gi,DCPP_14.4.2_10x_mCherry_10.24.22.jpg,448.6629834254144,1201.8259668508288
rat14.4,Gi,DCPP_14.4.2_10x_mCherry_10.24.22.jpg,459.20344827586206,1082.0
rat14.4,Gi,DCPP_14.4.2_10x_mCherry_10.24.22.jpg,478.765664160401,1176.1591478696741
rat14.4,Gi,DCPP_14.4.2_10x_mCherry_10.24.22.jpg,486.0410557184751,1380.6891495601174
rat14.4,Gi,DCPP_14.4.2_10x_mCherry_10.24.22.jpg,495.88693098384726,859.2863436123348
rat14.4,Gi,DCPP_14.4.2_10x_mCherry_10.24.22.jpg,493.97472924187724,994.1317689530686
rat14.4,Gi,DCPP_14.4.2_10x_mCherry_10.24.22.jpg,496.28897338403044,1094.680608365019
rat14.4,Gi,DCPP_14.4.2_10x_mCherry_10.24.22.jpg,502.3632707774799,1205.2680965147454
rat14.4,Gi,DCPP_14.4.2_10x_mCherry_10.24.22.jpg,511.03655352480416,949.5932114882506
rat14.4,Gi,DCPP_14.4.2_10x_mCherry_10.24.22.jpg,507.69686411149826,1308.6620209059233
rat14.4,Gi,DCPP_14.4.2_10x_mCherry_10.24.22.jpg,518.8359746434231,1130.271790808241
rat14.4,Gi,DCPP_14.4.2_10x_mCherry_10.24.22.jpg,536.246288209607,1029.8480349344977
rat14.4,Gi,DCPP_14.4.2_10x_mCherry_10.24.22.jpg,528.7186379928315,1322.136200716846
rat14.4,Gi,DCPP_14.4.2_10x_mCherry_10.24.22.jpg,545.9883720930233,1378.889840881273
rat14.4,Gi,DCPP_14.4.2_10x_mCherry_10.24.22.jpg,535.7728813559322,1063.2
rat14.4,Gi,DCPP_14.4.2_10x_mCherry_10.24.22.jpg,550.9717391304348,1186.371739130435
rat14.4,Gi,DCPP_14.4.2_10x_mCherry_10.24.22.jpg,553.5458015267176,1512.9332061068703
rat14.4,Gi,DCPP_14.4.2_10x_mCherry_10.24.22.jpg,554.0492610837439,993.8768472906404
rat14.4,Gi,DCPP_14.4.2_10x_mCherry_10.24.22.jpg,564.1569620253165,1119.6050632911392
rat14.4,Gi,DCPP_14.4.2_10x_mCherry_10.24.22.jpg,580.0886666666667,920.6826666666667
rat14.4,Gi,DCPP_14.4.2_10x_mCherry_10.24.22.jpg,587.4165853658536,1015.7082926829269
rat14.4,Gi,DCPP_14.4.2_10x_mCherry_10.24.22.jpg,594.7113402061856,1089.0662739322534
rat14.4,Gi,DCPP_14.4.2_10x_mCherry_10.24.22.jpg,596.9604316546763,1296.2913669064749
rat14.4,Gi,DCPP_14.4.2_10x_mCherry_10.24.22.jpg,599.4547413793103,1340.0431034482758
rat14.4,Gi,DCPP_14.4.2_10x_mCherry_10.24.22.jpg,600.4866071428571,901.9285714285714
rat14.4,Gi,DCPP_14.4.2_10x_mCherry_10.24.22.jpg,616.062980030722,1156.416282642089
rat14.4,Gi,DCPP_14.4.2_10x_mCherry_10.24.22.jpg,618.8090452261307,1492.889447236181
rat14.4,Gi,DCPP_14.4.2_10x_mCherry_10.24.22.jpg,634.8260188087775,1280.962382445141
rat14.4,Gi,DCPP_14.4.2_10x_mCherry_10.24.22.jpg,652.7527173913044,1386.0638586956522
rat14.4,Gi,DCPP_14.4.2_10x_mCherry_10.24.22.jpg,680.7339268051434,1589.131552917903
rat14.4,Gi,DCPP_14.4.2_10x_mCherry_10.24.22.jpg,670.36646884273,1094.580118694362
rat14.4,Gi,DCPP_14.4.2_10x_mCherry_10.24.22.jpg,675.1338289962825,1065.9423791821562
rat14.4,Gi,DCPP_14.4.2_10x_mCherry_10.24.22.jpg,683.8753799392098,1312.2026342451875
rat14.4,Gi,DCPP_14.4.2_10x_mCherry_10.24.22.jpg,686.0722891566265,1286.0068846815834
rat14.4,Gi,DCPP_14.4.2_10x_mCherry_10.24.22.jpg,705.0707456978968,1035.0057361376673
rat14.4,Gi,DCPP_14.4.2_10x_mCherry_10.24.22.jpg,715.7186629526462,1369.933147632312
rat14.4,Gi,DCPP_14.4.2_10x_mCherry_10.24.22.jpg,743.8893617021276,1113.2808510638297
rat14.4,Gi,DCPP_14.4.2_10x_mCherry_10.24.22.jpg,749.1348547717843,1332.2427385892115
rat14.4,Gi,DCPP_14.4.2_10x_mCherry_10.24.22.jpg,751.5780051150895,985.5166240409208
rat14.4,Gi,DCPP_14.4.2_10x_mCherry_10.24.22.jpg,772.354351687389,1057.8055062166964
rat14.4,Gi,DCPP_14.4.2_10x_mCherry_10.24.22.jpg,772.1592592592592,918.9148148148148
rat14.4,Gi,DCPP_14.4.2_10x_mCherry_10.24.22.jpg,781.362563237774,1179.470489038786
rat14.4,Gi,DCPP_14.4.2_10x_mCherry_10.24.22.jpg,792.6206896551724,1367.3655172413794
rat14.4,Gi,DCPP_14.4.2_10x_mCherry_10.24.22.jpg,802.4473420260782,1724.8565697091274
rat14.4,Gi,DCPP_14.4.2_10x_mCherry_10.24.22.jpg,800.5197368421053,1203.8322368421052
rat14.4,Gi,DCPP_14.4.2_10x_mCherry_10.24.22.jpg,811.242656449553,901.3895274584929
rat14.4,Gi,DCPP_14.4.2_10x_mCherry_10.24.22.jpg,808.9984732824428,1059.26106870229
rat14.4,Gi,DCPP_14.4.2_10x_mCherry_10.24.22.jpg,807.4602510460251,1233.4225941422594
rat14.4,Gi,DCPP_14.4.2_10x_mCherry_10.24.22.jpg,817.388746803069,1084.8823529411766
rat14.4,Gi,DCPP_14.4.2_10x_mCherry_10.24.22.jpg,822.7250268528464,1488.6433941997852
rat14.4,Gi,DCPP_14.4.2_10x_mCherry_10.24.22.jpg,836.6170431211499,888.1396303901438
rat14.4,Gi,DCPP_14.4.2_10x_mCherry_10.24.22.jpg,831.5025641025641,1110.1094017094017
rat14.4,Gi,DCPP_14.4.2_10x_mCherry_10.24.22.jpg,840.8911845730028,1021.8925619834711
rat14.4,Gi,DCPP_14.4.2_10x_mCherry_10.24.22.jpg,855.6560175054705,1118.0840262582058
rat14.4,Gi,DCPP_14.4.2_10x_mCherry_10.24.22.jpg,842.3680926916221,1304.897504456328
rat14.4,Gi,DCPP_14.4.2_10x_mCherry_10.24.22.jpg,850.0372340425532,979.4787234042553
rat14.4,Gi,DCPP_14.4.2_10x_mCherry_10.24.22.jpg,871.0971962616823,1304.0747663551401
rat14.4,Gi,DCPP_14.4.2_10x_mCherry_10.24.22.jpg,875.2360801781737,1010.4187082405346
rat14.4,Gi,DCPP_14.4.2_10x_mCherry_10.24.22.jpg,886.7782193958665,935.9960254372019
rat14.4,Gi,DCPP_14.4.2_10x_mCherry_10.24.22.jpg,881.0,1067.4694376528118
rat14.4,Gi,DCPP_14.4.2_10x_mCherry_10.24.22.jpg,904.2477328936521,1227.5333882934872
rat14.4,Gi,DCPP_14.4.2_10x_mCherry_10.24.22.jpg,893.5660964230171,1149.8958009331259
rat14.4,Gi,DCPP_14.4.2_10x_mCherry_10.24.22.jpg,904.8740310077519,1180.327519379845
rat14.4,Gi,DCPP_14.4.2_10x_mCherry_10.24.22.jpg,913.1864406779661,991.8474576271186
rat14.4,Gi,DCPP_14.4.2_10x_mCherry_10.24.22.jpg,924.4526445264453,1097.8290282902828
rat14.4,Gi,DCPP_14.4.2_10x_mCherry_10.24.22.jpg,922.7234042553191,952.7617021276595
rat14.4,Gi,DCPP_14.4.2_10x_mCherry_10.24.22.jpg,940.1347678369195,1056.5889014722536
rat14.4,Gi,DCPP_14.4.2_10x_mCherry_10.24.22.jpg,946.8777292576419,1162.0109170305677
rat14.4,Gi,DCPP_14.4.2_10x_mCherry_10.24.22.jpg,956.995057660626,1130.812191103789
rat14.4,Gi,DCPP_14.4.2_10x_mCherry_10.24.22.jpg,957.2729912875121,1278.8528557599225
rat14.4,Gi,DCPP_14.4.2_10x_mCherry_10.24.22.jpg,957.5121951219512,1019.8034433285509
rat14.4,Gi,DCPP_14.4.2_10x_mCherry_10.24.22.jpg,968.6858108108108,1185.9527027027027
rat14.4,Gi,DCPP_14.4.2_10x_mCherry_10.24.22.jpg,979.3568773234201,1232.757434944238
rat14.4,Gi,DCPP_14.4.2_10x_mCherry_10.24.22.jpg,989.6683274021352,1092.820640569395
rat14.4,Gi,DCPP_14.4.2_10x_mCherry_10.24.22.jpg,976.7378151260505,992.690756302521
rat14.4,Gi,DCPP_14.4.2_10x_mCherry_10.24.22.jpg,970.7330097087379,1337.2038834951456
rat14.4,Gi,DCPP_14.4.2_10x_mCherry_10.24.22.jpg,1029.338374717833,1239.0864559819413
rat14.4,Gi,DCPP_14.4.2_10x_mCherry_10.24.22.jpg,986.655737704918,1210.7939110070258
rat14.4,Gi,DCPP_14.4.2_10x_mCherry_10.24.22.jpg,990.916890080429,1051.833780160858
rat14.4,Gi,DCPP_14.4.2_10x_mCherry_10.24.22.jpg,1027.6058394160584,1025.1008626410087
rat14.4,Gi,DCPP_14.4.2_10x_mCherry_10.24.22.jpg,1024.468085106383,1118.872340425532
rat14.4,Gi,DCPP_14.4.2_10x_mCherry_10.24.22.jpg,1038.8685586258403,1167.5922330097087
rat14.4,Gi,DCPP_14.4.2_10x_mCherry_10.24.22.jpg,1078.7930131004366,1050.4471615720524
rat14.4,Gi,DCPP_14.4.2_10x_mCherry_10.24.22.jpg,1064.817365269461,1179.5718562874251
rat14.4,Gi,DCPP_14.4.2_10x_mCherry_10.24.22.jpg,1104.1017498379779,1121.152300712897
rat14.4,Gi,DCPP_14.4.2_10x_mCherry_10.24.22.jpg,1086.5148514851485,1154.261386138614
rat14.4,Gi,DCPP_14.4.2_10x_mCherry_10.24.22.jpg,1118.1953125,1157.8229166666667
rat14.4,Gi,DCPP_14.4.2_10x_mCherry_10.24.22.jpg,1135.5905172413793,1176.9622844827586
rat14.4,Gi,DCPP_14.4.2_10x_mCherry_10.24.22.jpg,1150.8604166666667,1146.0916666666667
rat14.4,Gi,DCPP_14.4.2_10x_mCherry_10.24.22.jpg,1184.3662873399714,1064.1813655761025
